<?xml version="1.0" encoding="UTF-8" standalone="no"?>
<pack>
    <background atlasID="0" desc="" durations="100" dx="-0.0" dy="-0.0" height="480" id="6" name="Forest" numframes="1" oid="-1" repeats="false" resized="false" shared="false" width="640" xpf="1.0" ypf="1.0"/>
    <actor adamp="0.0" ascale="true" atlasID="0" bodytype="0" continuous="true" desc="" eventsnippetid="13" fixedrot="false" fric="0.2" gid="5" id="10" ignoreg="false" inertia="1.0" ldamp="0.0" mass="1.0" name="Gold Key" oid="-1" pausable="true" physicsMode="0" rest="0.0" shared="false" sprite="11" static="true">
        <snippets>
            <s enabled="true" id="14">
                <prop id="2147483647" list="0" val="thisactor"/>
            </s>
        </snippets>
    </actor>
    <sprite atlasID="0" default="0" defaultAnimation="0" desc="" height="32" id="11" name="Gold Key" shared="false" width="32">
        <anim across="3" down="2" durations="400,100,100,100,100" height="64" id="0" loop="true" name="Idle" numframes="5" originx="16" originy="16" sync="false" version="2" width="96">
            <poly data="4,0,0,32,0,32,32,0,32" density="0.1" fric="0.2" gid="-1000" id="0" name="Idle" rest="0.0" sensor="true"/>
        </anim>
    </sprite>
    <actor adamp="0.0" ascale="true" atlasID="0" bodytype="2" continuous="true" desc="" eventsnippetid="2" fixedrot="true" fric="0.2" gid="3" id="4" ignoreg="true" inertia="1.0" ldamp="0.0" mass="1.0" name="Heart" oid="-1" pausable="true" physicsMode="0" rest="0.0" shared="false" sprite="5" static="false">
        <snippets/>
    </actor>
    <sprite atlasID="0" default="0" defaultAnimation="0" desc="" height="32" id="5" name="Heart" shared="false" width="32">
        <anim across="1" down="1" durations="100" height="32" id="0" loop="true" name="Animation 0" numframes="1" originx="16" originy="16" sync="false" version="2" width="32">
            <poly data="4,0,0,32,0,32,32,0,32" density="0.1" fric="0.2" gid="-1000" id="0" name="Animation 0" rest="0.0" sensor="false"/>
        </anim>
    </sprite>
    <actor adamp="0.0" ascale="true" atlasID="0" bodytype="0" continuous="true" desc="" eventsnippetid="8" fixedrot="true" fric="0.2" gid="5" id="8" ignoreg="true" inertia="1.0" ldamp="0.0" mass="1.0" name="Key" oid="-1" pausable="true" physicsMode="0" rest="0.0" shared="false" sprite="9" static="true">
        <snippets>
            <s enabled="true" id="9">
                <prop id="2147483647" list="0" val="thisactor"/>
            </s>
        </snippets>
    </actor>
    <sprite atlasID="0" default="0" defaultAnimation="0" desc="" height="32" id="9" name="Key" shared="false" width="32">
        <anim across="3" down="2" durations="400,100,100,100,100" height="64" id="0" loop="true" name="Idle" numframes="5" originx="16" originy="16" sync="false" version="2" width="96">
            <poly data="4,0,0,32,0,32,32,0,32" density="0.1" fric="0.2" gid="-1000" id="0" name="Idle" rest="0.0" sensor="true"/>
        </anim>
    </sprite>
    <actor adamp="0.0" ascale="true" atlasID="0" bodytype="2" continuous="true" desc="" eventsnippetid="0" fixedrot="true" fric="0.2" gid="0" id="0" ignoreg="false" inertia="1.0" ldamp="0.0" mass="1.0" name="Ninja" oid="-1" pausable="true" physicsMode="0" rest="0.0" shared="false" sprite="1" static="false">
        <snippets>
            <s enabled="true" id="4">
                <prop id="2147483647" list="0" val="thisactor"/>
                <prop id="1" list="0" val="Run"/>
                <prop id="2" list="0" val="Idle"/>
                <prop id="3" list="0" val="Jump"/>
                <prop id="4" list="0" val="true"/>
                <prop id="5" list="0" val="false"/>
                <prop id="6" list="0" val="Attack"/>
            </s>
            <s enabled="true" id="5">
                <prop id="2147483647" list="0" val="thisactor"/>
                <prop id="1" list="0" val="3"/>
                <prop id="2" list="0" val="4"/>
                <prop id="3" list="1" val=""/>
                <prop id="4" list="0" val="false"/>
                <prop id="5" list="0" val=""/>
                <prop id="6" list="0" val="Attack"/>
            </s>
            <s enabled="true" id="6">
                <prop id="2147483647" list="0" val="thisactor"/>
                <prop id="1" list="0" val=""/>
                <prop id="2" list="0" val=""/>
                <prop id="3" list="0" val=""/>
            </s>
            <s enabled="true" id="11">
                <prop id="2147483647" list="0" val="thisactor"/>
            </s>
        </snippets>
    </actor>
    <sprite atlasID="0" default="0" defaultAnimation="0" desc="" height="75" id="1" name="Ninja" shared="false" width="40">
        <anim across="1" down="1" durations="100" height="75" id="0" loop="true" name="Idle" numframes="1" originx="20" originy="37" sync="false" version="2" width="40">
            <poly data="4,0,0,40,0,40,75,0,75" density="0.1" fric="0.2" gid="-1000" id="0" name="Idle" rest="0.0" sensor="false"/>
        </anim>
        <anim across="4" down="3" durations="100,100,100,100,100,100,100,100,100,100" height="225" id="1" loop="true" name="Jump" numframes="10" originx="27" originy="37" sync="false" version="2" width="220">
            <poly data="4,0,0,55,0,55,75,0,75" density="0.1" fric="0.2" gid="-1000" id="0" name="Jump" rest="0.0" sensor="false"/>
        </anim>
        <anim across="4" down="3" durations="50,50,50,50,50,50,50,50,50,50" height="210" id="2" loop="true" name="Run" numframes="10" originx="27" originy="35" sync="false" version="2" width="220">
            <poly data="4,0,0,55,0,55,75,0,75" density="0.1" fric="0.2" gid="-1000" id="0" name="Run" rest="0.0" sensor="false"/>
        </anim>
        <anim across="3" down="3" durations="50,50,50,50,100,100,100,50,50" height="225" id="3" loop="true" name="Attack" numframes="9" originx="40" originy="37" sync="false" version="2" width="243">
            <poly data="4,0,0,81,0,81,75,0,75" density="0.1" fric="0.2" gid="-1000" id="0" name="Attack" rest="0.0" sensor="false"/>
        </anim>
    </sprite>
    <font alphabet=" !&quot;#$%&amp;'()*+,-./0123456789:;&lt;=&gt;?@ABCDEFGHIJKLMNOPQRSTUVWXYZ[\]^_`abcdefghijklmnopqrstuvwxyz{|}~ ¡¢£¤¥¦§¨©ª«¬­®¯°±²³´µ¶·¸¹º»¼½¾¿ÀÁÂÃÄÅÆÇÈÉÊËÌÍÎÏÐÑÒÓÔÕÖ×ØÙÚÛÜÝÞßàáâãäåæçèéêëìíîïðñòóôõö÷øùúûüýþÿĀāĂăĄąĆćĈĉĊċČčĎďĐđĒēĔĕĖėĘęĚěĜĝĞğĠġĢģĤĥĦħĨĩĪīĬĭĮįİıĲĳĴĵĶķĸĹĺĻļĽľĿŀŁłŃńŅņŇňŉŊŋŌōŎŏŐőŒœŔŕŖŗŘřŚśŜŝŞşŠšŢţŤťŦŧŨũŪūŬŭŮůŰűŲųŴŵŶŷŸŹźŻżŽžſ" atlasID="0" desc="" height="150" id="12" name="text" offsets="0|0|0|,12|0|12,20|0|20,36|0|36,59|0|59,82|0|82,117|0|117,145|0|145,152|0|152,165|0|165,178|0|178,195|0|195,217|0|217,225|0|225,237|0|237,245|0|245,257|0|257,278|0|278,299|0|299,320|0|320,342|0|342,365|0|365,387|0|387,408|0|408,429|0|429,450|0|450,471|0|471,479|0|479,487|0|487,509|0|509,531|0|531,553|0|553,576|0|576,612|0|612,640|0|640,667|0|667,695|0|695,722|0|722,747|0|747,769|0|769,798|0|798,824|0|824,832|0|832,853|0|853,881|0|881,904|0|904,934|0|934,960|0|960,990|0|990,1015|0|1015,1045|0|1045,1073|0|1073,1099|0|1099,1124|0|1124,1150|0|1150,1178|0|1178,1217|0|1217,1245|0|1245,1272|0|1272,1296|0|1296,1308|0|1308,1320|0|1320,1333|0|1333,1357|0|1357,1382|0|1382,1394|0|1394,1417|0|1417,1439|0|1439,1461|0|1461,1483|0|1483,1504|0|1504,1519|0|1519,1541|0|1541,1562|0|1562,1570|0|1570,1581|0|1581,1603|0|1603,1611|0|1611,1644|0|1644,1665|0|1665,1688|0|1688,1710|0|1710,1732|0|1732,1746|0|1746,1767|0|1767,1781|0|1781,1802|0|1802,1826|0|1826,1860|0|1860,1883|0|1883,1906|0|1906,1925|0|1925,1941|0|1941,1948|0|1948,1964|0|1964,1986|0|1986,1987|0|1987,1988|0|1988,1996|0|1996,2011|0|2011,2012|0|2012,2054|0|2054,2055|0|2055,2056|0|2056,2057|0|2057,2058|0|2058,2059|0|2059,2060|0|2060,2061|0|2061,2062|0|2062,2063|0|2063,2064|0|2064,2065|0|2065,2066|0|2066,2067|0|2067,2068|0|2068,2069|0|2069,2070|0|2070,2071|0|2071,2072|0|2072,2073|0|2073,2074|0|2074,2075|0|2075,2076|0|2076,2077|0|2077,2078|0|2078,2079|0|2079,2080|0|2080,2081|0|2081,2093|0|2093,2101|0|2101,2123|0|2123,2146|0|2146,2168|0|2168,2192|0|2192,2199|0|2199,2220|0|2220,2234|0|2234,2264|0|2264,2280|0|2280,2301|0|2301,2323|0|2323,2335|0|2335,2365|0|2365,2390|0|2390,2405|0|2405,2426|0|2426,2439|0|2439,2453|0|2453,2465|0|2465,2485|0|2485,2506|0|2506,2514|0|2514,2524|0|2524,2537|0|2537,2552|0|2552,2573|0|2573,2604|0|2604,2636|0|2636,2667|0|2667,2689|0|2689,2717|0|2717,2745|0|2745,2773|0|2773,2801|0|2801,2829|0|2829,2857|0|2857,2897|0|2897,2925|0|2925,2950|0|2950,2975|0|2975,3000|0|3000,3025|0|3025,3037|0|3037,0|50|3049,16|50|3065,30|50|3079,59|50|3108,85|50|3134,115|50|3164,145|50|3194,175|50|3224,205|50|3254,235|50|3284,257|50|3306,287|50|3336,313|50|3362,339|50|3388,365|50|3414,391|50|3440,418|50|3467,443|50|3492,466|50|3515,489|50|3538,512|50|3561,535|50|3584,558|50|3607,581|50|3630,604|50|3653,638|50|3687,660|50|3709,681|50|3730,702|50|3751,723|50|3772,744|50|3793,756|50|3805,768|50|3817,784|50|3833,798|50|3847,821|50|3870,842|50|3891,865|50|3914,888|50|3937,911|50|3960,934|50|3983,957|50|4006,978|50|4027,1004|50|4053,1025|50|4074,1046|50|4095,1067|50|4116,1088|50|4137,1111|50|4160,1133|50|4182,1156|50|4205,1184|50|4233,1207|50|4256,1235|50|4284,1258|50|4307,1287|50|4336,1310|50|4359,1338|50|4387,1360|50|4409,1388|50|4437,1410|50|4459,1438|50|4487,1460|50|4509,1488|50|4537,1510|50|4559,1537|50|4586,1566|50|4615,1595|50|4644,1620|50|4669,1645|50|4694,1666|50|4715,1691|50|4740,1712|50|4761,1737|50|4786,1758|50|4807,1783|50|4832,1804|50|4853,1829|50|4878,1850|50|4899,1879|50|4928,1901|50|4950,1930|50|4979,1952|50|5001,1981|50|5030,2003|50|5052,2032|50|5081,2054|50|5103,2080|50|5129,2101|50|5150,2131|50|5180,2154|50|5203,2171|50|5220,2188|50|5237,2202|50|5251,2216|50|5265,2232|50|5281,2248|50|5297,2258|50|5307,2268|50|5317,2276|50|5325,2284|50|5333,2312|50|5361,2331|50|5380,2353|50|5402,2369|50|5418,2397|50|5446,2419|50|5468,2441|50|5490,2464|50|5513,2476|50|5525,2499|50|5548,2507|50|5556,2530|50|5579,2545|50|5594,2568|50|5617,2585|50|5634,2610|50|5659,2622|50|5671,2648|50|5697,2669|50|5718,2695|50|5744,2716|50|5765,2742|50|5791,2763|50|5812,2791|50|5840,2817|50|5866,2838|50|5887,2868|50|5917,2891|50|5940,2921|50|5970,2944|50|5993,2974|50|6023,0|100|6047,39|100|6086,76|100|6123,104|100|6151,119|100|6166,147|100|6194,161|100|6208,189|100|6236,205|100|6252,231|100|6278,252|100|6299,278|100|6325,299|100|6346,325|100|6372,346|100|6393,372|100|6419,393|100|6440,418|100|6465,432|100|6479,457|100|6504,477|100|6524,502|100|6549,516|100|6563,542|100|6589,563|100|6610,589|100|6636,610|100|6657,636|100|6683,657|100|6704,683|100|6730,704|100|6751,730|100|6777,752|100|6799,778|100|6825,800|100|6847,839|100|6886,873|100|6920,900|100|6947,923|100|6970,950|100|6997,974|100|7021,993|100|7040,1017|100|7064,1036|100|7083,1060|100|7107,1079|100|7126" oid="-1" prerendered="false" rowHeight="50" shared="false"/>
    <tileset across="9" atlasID="0" desc="" down="3" id="7" name="TileSet01" oid="-1" shared="false" th="64" tw="64">
        <tile collision="0" data="" durations="100" frames="0" id="0" order="-1"/>
        <tile collision="0" data="" durations="100" frames="1" id="1" order="-1"/>
        <tile collision="0" data="" durations="100" frames="2" id="2" order="-1"/>
        <tile collision="1" data="" durations="100" frames="3" id="3" order="-1"/>
        <tile collision="1" data="" durations="100" frames="4" id="4" order="-1"/>
        <tile collision="1" data="" durations="100" frames="5" id="5" order="-1"/>
        <tile collision="0" data="" durations="100" frames="6" id="6" order="-1"/>
        <tile collision="0" data="" durations="100" frames="7" id="7" order="-1"/>
        <tile collision="0" data="" durations="100" frames="8" id="8" order="-1"/>
        <tile collision="0" data="" durations="100" frames="9" id="9" order="-1"/>
        <tile collision="0" data="" durations="100" frames="10" id="10" order="-1"/>
        <tile collision="0" data="" durations="100" frames="11" id="11" order="-1"/>
        <tile collision="0" data="" durations="100" frames="12" id="12" order="-1"/>
        <tile collision="0" data="" durations="100" frames="13" id="13" order="-1"/>
        <tile collision="0" data="" durations="100" frames="14" id="14" order="-1"/>
        <tile collision="1" data="" durations="100" frames="15" id="15" order="-1"/>
        <tile collision="0" data="" durations="100" frames="16" id="16" order="-1"/>
        <tile collision="0" data="" durations="100" frames="17" id="17" order="-1"/>
        <tile collision="0" data="" durations="100" frames="18" id="18" order="-1"/>
        <tile collision="0" data="" durations="100" frames="19" id="19" order="-1"/>
        <tile collision="0" data="" durations="100" frames="20" id="20" order="-1"/>
        <tile collision="0" data="" durations="100" frames="21" id="21" order="-1"/>
        <tile collision="0" data="" durations="100" frames="22" id="22" order="-1"/>
        <tile collision="0" data="" durations="100" frames="23" id="23" order="-1"/>
        <tile collision="0" data="" durations="100" frames="24" id="24" order="-1"/>
        <tile collision="0" data="" durations="100" frames="25" id="25" order="-1"/>
        <tile collision="0" data="" durations="100" frames="26" id="26" order="-1"/>
    </tileset>
    <background atlasID="0" desc="" durations="100" dx="-0.0" dy="-0.0" height="480" id="13" name="you won" numframes="1" oid="-1" repeats="false" resized="false" shared="false" width="640" xpf="1.0" ypf="1.0"/>
    <actor adamp="0.0" ascale="true" atlasID="0" bodytype="2" continuous="true" desc="" eventsnippetid="1" fixedrot="false" fric="0.2" gid="4" id="2" ignoreg="false" inertia="1.0" ldamp="0.0" mass="1.0" name="Zombie" oid="-1" pausable="true" physicsMode="0" rest="0.0" shared="false" sprite="3" static="false">
        <snippets>
            <s enabled="true" id="7">
                <prop id="2147483647" list="0" val="thisactor"/>
                <prop id="1" list="0" val=""/>
                <prop id="2" list="0" val="Walk"/>
                <prop id="3" list="0" val="Idle"/>
            </s>
        </snippets>
    </actor>
    <sprite atlasID="0" default="0" defaultAnimation="0" desc="" height="75" id="3" name="Zombie" shared="false" width="58">
        <anim across="1" down="1" durations="100" height="75" id="0" loop="true" name="Idle" numframes="1" originx="29" originy="37" sync="false" version="2" width="58">
            <poly data="4,0,0,58,0,58,75,0,75" density="0.1" fric="0.2" gid="-1000" id="0" name="Idle" rest="0.0" sensor="false"/>
        </anim>
        <anim across="4" down="3" durations="80,80,80,80,80,80,80,80,80,80" height="225" id="1" loop="true" name="Walk" numframes="10" originx="29" originy="37" sync="false" version="2" width="232">
            <poly data="4,0,0,58,0,58,75,0,75" density="0.1" fric="0.2" gid="-1000" id="0" name="Walk" rest="0.0" sensor="false"/>
        </anim>
        <anim across="3" down="3" durations="100,100,100,100,100,100,100" height="225" id="2" loop="true" name="Death" numframes="7" originx="29" originy="37" sync="false" version="2" width="174">
            <poly data="4,0,0,58,0,58,75,0,75" density="0.1" fric="0.2" gid="-1000" id="0" name="Death" rest="0.0" sensor="false"/>
        </anim>
    </sprite>
</pack>
