<?xml version="1.0" encoding="UTF-8" standalone="no"?>
<pack>
    <background atlasID="0" desc="" durations="100" dx="-0.0" dy="-0.0" height="480" id="6" name="Forest" numframes="1" oid="-1" repeats="false" resized="false" shared="false" width="640" xpf="1.0" ypf="1.0"/>
    <actor adamp="0.0" ascale="true" atlasID="0" bodytype="0" continuous="true" desc="" eventsnippetid="13" fixedrot="false" fric="0.2" gid="5" id="10" ignoreg="false" inertia="1.0" ldamp="0.0" mass="1.0" name="Gold Key" oid="-1" pausable="true" physicsMode="0" rest="0.0" shared="false" sprite="11" static="true">
        <snippets>
            <s enabled="true" id="14">
                <prop id="2147483647" list="0" val="thisactor"/>
            </s>
        </snippets>
    </actor>
    <sprite atlasID="0" default="0" defaultAnimation="0" desc="" height="32" id="11" name="Gold Key" shared="false" width="32">
        <anim across="3" down="2" durations="400,100,100,100,100" height="64" id="0" loop="true" name="Idle" numframes="5" originx="16" originy="16" sync="false" version="2" width="96">
            <poly data="4,0,0,32,0,32,32,0,32" density="0.1" fric="0.2" gid="-1000" id="0" name="Idle" rest="0.0" sensor="true"/>
        </anim>
    </sprite>
    <actor adamp="0.0" ascale="true" atlasID="0" bodytype="2" continuous="true" desc="" eventsnippetid="2" fixedrot="true" fric="0.2" gid="3" id="4" ignoreg="true" inertia="1.0" ldamp="0.0" mass="1.0" name="Heart" oid="-1" pausable="true" physicsMode="0" rest="0.0" shared="false" sprite="5" static="false">
        <snippets/>
    </actor>
    <sprite atlasID="0" default="0" defaultAnimation="0" desc="" height="32" id="5" name="Heart" shared="false" width="32">
        <anim across="1" down="1" durations="100" height="32" id="0" loop="true" name="Animation 0" numframes="1" originx="16" originy="16" sync="false" version="2" width="32">
            <poly data="4,0,0,32,0,32,32,0,32" density="0.1" fric="0.2" gid="-1000" id="0" name="Animation 0" rest="0.0" sensor="false"/>
        </anim>
    </sprite>
    <actor adamp="0.0" ascale="true" atlasID="0" bodytype="0" continuous="true" desc="" eventsnippetid="8" fixedrot="true" fric="0.2" gid="5" id="8" ignoreg="true" inertia="1.0" ldamp="0.0" mass="1.0" name="Key" oid="-1" pausable="true" physicsMode="0" rest="0.0" shared="false" sprite="9" static="true">
        <snippets>
            <s enabled="true" id="9">
                <prop id="2147483647" list="0" val="thisactor"/>
            </s>
        </snippets>
    </actor>
    <sprite atlasID="0" default="0" defaultAnimation="0" desc="" height="32" id="9" name="Key" shared="false" width="32">
        <anim across="3" down="2" durations="400,100,100,100,100" height="64" id="0" loop="true" name="Idle" numframes="5" originx="16" originy="16" sync="false" version="2" width="96">
            <poly data="4,0,0,32,0,32,32,0,32" density="0.1" fric="0.2" gid="-1000" id="0" name="Idle" rest="0.0" sensor="true"/>
        </anim>
    </sprite>
    <actor adamp="0.0" ascale="true" atlasID="0" bodytype="2" continuous="true" desc="" eventsnippetid="0" fixedrot="true" fric="0.2" gid="0" id="0" ignoreg="false" inertia="1.0" ldamp="0.0" mass="1.0" name="Ninja" oid="-1" pausable="true" physicsMode="0" rest="0.0" shared="false" sprite="1" static="false">
        <snippets>
            <s enabled="true" id="4">
                <prop id="2147483647" list="0" val="thisactor"/>
                <prop id="1" list="0" val="Run"/>
                <prop id="2" list="0" val="Idle"/>
                <prop id="3" list="0" val="Jump"/>
                <prop id="4" list="0" val="true"/>
                <prop id="5" list="0" val="false"/>
                <prop id="6" list="0" val="Attack"/>
            </s>
            <s enabled="true" id="5">
                <prop id="2147483647" list="0" val="thisactor"/>
                <prop id="1" list="0" val="3"/>
                <prop id="2" list="0" val="4"/>
                <prop id="3" list="1" val=""/>
                <prop id="4" list="0" val="false"/>
                <prop id="5" list="0" val=""/>
                <prop id="6" list="0" val="Attack"/>
            </s>
            <s enabled="true" id="6">
                <prop id="2147483647" list="0" val="thisactor"/>
                <prop id="1" list="0" val=""/>
                <prop id="2" list="0" val=""/>
                <prop id="3" list="0" val=""/>
            </s>
            <s enabled="true" id="11">
                <prop id="2147483647" list="0" val="thisactor"/>
            </s>
        </snippets>
    </actor>
    <sprite atlasID="0" default="0" defaultAnimation="0" desc="" height="75" id="1" name="Ninja" shared="false" width="40">
        <anim across="1" down="1" durations="100" height="75" id="0" loop="true" name="Idle" numframes="1" originx="20" originy="37" sync="false" version="2" width="40">
            <poly data="4,0,0,40,0,40,75,0,75" density="0.1" fric="0.2" gid="-1000" id="0" name="Idle" rest="0.0" sensor="false"/>
        </anim>
        <anim across="4" down="3" durations="100,100,100,100,100,100,100,100,100,100" height="225" id="1" loop="true" name="Jump" numframes="10" originx="27" originy="37" sync="false" version="2" width="220">
            <poly data="4,0,0,55,0,55,75,0,75" density="0.1" fric="0.2" gid="-1000" id="0" name="Jump" rest="0.0" sensor="false"/>
        </anim>
        <anim across="4" down="3" durations="50,50,50,50,50,50,50,50,50,50" height="210" id="2" loop="true" name="Run" numframes="10" originx="27" originy="35" sync="false" version="2" width="220">
            <poly data="4,0,0,55,0,55,75,0,75" density="0.1" fric="0.2" gid="-1000" id="0" name="Run" rest="0.0" sensor="false"/>
        </anim>
        <anim across="3" down="3" durations="50,50,50,50,100,100,100,50,50" height="225" id="3" loop="true" name="Attack" numframes="9" originx="40" originy="37" sync="false" version="2" width="243">
            <poly data="4,0,0,81,0,81,75,0,75" density="0.1" fric="0.2" gid="-1000" id="0" name="Attack" rest="0.0" sensor="false"/>
        </anim>
    </sprite>
    <tileset across="9" atlasID="0" desc="" down="3" id="7" name="TileSet01" oid="-1" shared="false" th="64" tw="64">
        <tile collision="0" data="" durations="100" frames="0" id="0" order="-1"/>
        <tile collision="0" data="" durations="100" frames="1" id="1" order="-1"/>
        <tile collision="0" data="" durations="100" frames="2" id="2" order="-1"/>
        <tile collision="1" data="" durations="100" frames="3" id="3" order="-1"/>
        <tile collision="1" data="" durations="100" frames="4" id="4" order="-1"/>
        <tile collision="1" data="" durations="100" frames="5" id="5" order="-1"/>
        <tile collision="0" data="" durations="100" frames="6" id="6" order="-1"/>
        <tile collision="0" data="" durations="100" frames="7" id="7" order="-1"/>
        <tile collision="0" data="" durations="100" frames="8" id="8" order="-1"/>
        <tile collision="0" data="" durations="100" frames="9" id="9" order="-1"/>
        <tile collision="0" data="" durations="100" frames="10" id="10" order="-1"/>
        <tile collision="0" data="" durations="100" frames="11" id="11" order="-1"/>
        <tile collision="0" data="" durations="100" frames="12" id="12" order="-1"/>
        <tile collision="0" data="" durations="100" frames="13" id="13" order="-1"/>
        <tile collision="0" data="" durations="100" frames="14" id="14" order="-1"/>
        <tile collision="1" data="" durations="100" frames="15" id="15" order="-1"/>
        <tile collision="0" data="" durations="100" frames="16" id="16" order="-1"/>
        <tile collision="0" data="" durations="100" frames="17" id="17" order="-1"/>
        <tile collision="0" data="" durations="100" frames="18" id="18" order="-1"/>
        <tile collision="0" data="" durations="100" frames="19" id="19" order="-1"/>
        <tile collision="0" data="" durations="100" frames="20" id="20" order="-1"/>
        <tile collision="0" data="" durations="100" frames="21" id="21" order="-1"/>
        <tile collision="0" data="" durations="100" frames="22" id="22" order="-1"/>
        <tile collision="0" data="" durations="100" frames="23" id="23" order="-1"/>
        <tile collision="0" data="" durations="100" frames="24" id="24" order="-1"/>
        <tile collision="0" data="" durations="100" frames="25" id="25" order="-1"/>
        <tile collision="0" data="" durations="100" frames="26" id="26" order="-1"/>
    </tileset>
    <background atlasID="0" desc="" durations="100" dx="-0.0" dy="-0.0" height="480" id="13" name="you won" numframes="1" oid="-1" repeats="false" resized="false" shared="false" width="640" xpf="1.0" ypf="1.0"/>
    <actor adamp="0.0" ascale="true" atlasID="0" bodytype="2" continuous="true" desc="" eventsnippetid="1" fixedrot="false" fric="0.2" gid="4" id="2" ignoreg="false" inertia="1.0" ldamp="0.0" mass="1.0" name="Zombie" oid="-1" pausable="true" physicsMode="0" rest="0.0" shared="false" sprite="3" static="false">
        <snippets>
            <s enabled="true" id="7">
                <prop id="2147483647" list="0" val="thisactor"/>
                <prop id="1" list="0" val=""/>
                <prop id="2" list="0" val="Walk"/>
                <prop id="3" list="0" val="Idle"/>
            </s>
        </snippets>
    </actor>
    <sprite atlasID="0" default="0" defaultAnimation="0" desc="" height="75" id="3" name="Zombie" shared="false" width="58">
        <anim across="1" down="1" durations="100" height="75" id="0" loop="true" name="Idle" numframes="1" originx="29" originy="37" sync="false" version="2" width="58">
            <poly data="4,0,0,58,0,58,75,0,75" density="0.1" fric="0.2" gid="-1000" id="0" name="Idle" rest="0.0" sensor="false"/>
        </anim>
        <anim across="4" down="3" durations="80,80,80,80,80,80,80,80,80,80" height="225" id="1" loop="true" name="Walk" numframes="10" originx="29" originy="37" sync="false" version="2" width="232">
            <poly data="4,0,0,58,0,58,75,0,75" density="0.1" fric="0.2" gid="-1000" id="0" name="Walk" rest="0.0" sensor="false"/>
        </anim>
        <anim across="3" down="3" durations="100,100,100,100,100,100,100" height="225" id="2" loop="true" name="Death" numframes="7" originx="29" originy="37" sync="false" version="2" width="174">
            <poly data="4,0,0,58,0,58,75,0,75" density="0.1" fric="0.2" gid="-1000" id="0" name="Death" rest="0.0" sensor="false"/>
        </anim>
    </sprite>
</pack>
