<?xml version="1.0" encoding="UTF-8" standalone="no"?>
<scene depth="1" desc="" eventsnippetid="15" extheight="576" extwidth="768" extx="-64" exty="-64" format="3.4.0" gravx="-0.0" gravy="0.0" height="448" id="2" name="End" revision="" savecount="0" tiled="1" tileh="64" tilew="64" type="standard" width="640">
    <layers>
        <color-bg blue="0" green="0" red="0"/>
        <background blendMode="normal" customScrollFactor="false" id="1" locked="true" name="Forest" opacity="28" order="2" rid="6" scrollFactorX="1.0" scrollFactorY="1.0" visible="true"/>
        <layer blendMode="normal" color="100,168,234" id="0" locked="false" name="Layer 0" opacity="100" order="1" scrollFactorX="1.0" scrollFactorY="1.0" visible="true"/>
        <background blendMode="normal" customScrollFactor="false" id="2" locked="true" name="you won" opacity="100" order="0" rid="13" scrollFactorX="1.0" scrollFactorY="1.0" visible="true"/>
    </layers>
    <joints/>
    <regions/>
    <terrainRegions/>
    <actors/>
    <snippets>
        <s enabled="true" id="16"/>
    </snippets>
    <terrain/>
    <atlases members="" retainAtlases="true"/>
</scene>
